USE `Bookie-Basher`;

CREATE TABLE `Country` (
  `CountryID` int(11) NOT NULL AUTO_INCREMENT,
  `Name` varchar(45) CHARACTER SET utf8 NOT NULL,
  PRIMARY KEY (`CountryID`)
) ENGINE=InnoDB AUTO_INCREMENT=6 DEFAULT CHARSET=latin1;

CREATE TABLE `Competition` (
  `CompetitionID` int(11) NOT NULL AUTO_INCREMENT,
  `CountryID` int(11) NOT NULL,
  `FlashScoreURL` varchar(80) CHARACTER SET utf8 DEFAULT NULL,
  `Sponsor` varchar(45) CHARACTER SET utf8 DEFAULT NULL,
  `YearFounded` varchar(45) CHARACTER SET utf8 DEFAULT NULL,
  `BetfairID` int(11) DEFAULT NULL,
  `SoccerWikiId` int(11) DEFAULT NULL,
  `StartDate` datetime NOT NULL,
  `EndDate` datetime NOT NULL,
  PRIMARY KEY (`CompetitionID`),
  KEY `FK_Competition_Country_idx` (`CountryID`),
  CONSTRAINT `FK_Competition_Country` FOREIGN KEY (`CountryID`) REFERENCES `Country` (`CountryID`)
) ENGINE=InnoDB AUTO_INCREMENT=6 DEFAULT CHARSET=latin1;

CREATE TABLE `CompetitionAlias` (
  `AliasID` int(11) NOT NULL AUTO_INCREMENT,
  `CompetitionID` int(11) NOT NULL,
  `Name` varchar(45) CHARACTER SET utf8 NOT NULL,
  `Tag` varchar(45) CHARACTER SET utf8 NOT NULL,
  `IsDefault` tinyint(4) NOT NULL,
  PRIMARY KEY (`AliasID`),
  KEY `FK_Alias_Competition_idx` (`CompetitionID`),
  CONSTRAINT `FK_Alias_Competition` FOREIGN KEY (`CompetitionID`) REFERENCES `Competition` (`CompetitionID`)
) ENGINE=InnoDB AUTO_INCREMENT=9 DEFAULT CHARSET=latin1;

CREATE TABLE `Season` (
  `SeasonID` int(11) NOT NULL AUTO_INCREMENT,
  `CompetitionID` int(11) NOT NULL,
  `Year` varchar(45) CHARACTER SET utf8 DEFAULT NULL,
  `Status` enum('Updated','Updating','Creating', 'Failed') CHARACTER SET utf8 DEFAULT NULL,
  `LastUpdated` datetime NOT NULL,
  PRIMARY KEY (`SeasonID`),
  KEY `FK_CompetitionII_idx` (`CompetitionID`),
  CONSTRAINT `FK_CompetitionII` FOREIGN KEY (`CompetitionID`) REFERENCES `Competition` (`CompetitionID`)
) ENGINE=InnoDB DEFAULT CHARSET=latin1;

CREATE TABLE `Team` (
  `TeamID` int(11) NOT NULL AUTO_INCREMENT,
  `Name` varchar(45) CHARACTER SET utf8 NOT NULL,
  `LogoURL` varchar(100) CHARACTER SET utf8 NOT NULL,
  `SeasonID` int(11) DEFAULT NULL,
  PRIMARY KEY (`TeamID`),
  KEY `FK_Team_SeasonID_idx` (`SeasonID`),
  CONSTRAINT `FK_Team_SeasonID` FOREIGN KEY (`SeasonID`) REFERENCES `Season` (`SeasonID`)
) ENGINE=InnoDB AUTO_INCREMENT=264 DEFAULT CHARSET=latin1;

CREATE TABLE `TeamAlias` (
  `AliasID` int(11) NOT NULL AUTO_INCREMENT,
  `TeamID` int(11) NOT NULL,
  `Alias` varchar(45) CHARACTER SET utf8 NOT NULL,
  `Tag` varchar(45) CHARACTER SET utf8 NOT NULL,
  `IsDefault` tinyint(4) NOT NULL,
  PRIMARY KEY (`AliasID`),
  KEY `FK_Team_Alias_idx` (`TeamID`),
  CONSTRAINT `FK_Team_Alias` FOREIGN KEY (`TeamID`) REFERENCES `Team` (`TeamID`)
) ENGINE=InnoDB AUTO_INCREMENT=327 DEFAULT CHARSET=latin1;

CREATE TABLE `MatchStats` (
  `StatID` int(11) NOT NULL AUTO_INCREMENT,
  `TotalGoals` int(2) NOT NULL,
  `FirstHalfGoals` int(2) NOT NULL,
  `TotalCards` int(2) NOT NULL,
  `FirstHalfCards` int(2) NOT NULL,
  PRIMARY KEY (`StatID`)
) ENGINE=InnoDB DEFAULT CHARSET=latin1;

CREATE TABLE `Match` (
  `MatchID` int(11) NOT NULL AUTO_INCREMENT,
  `SeasonID` int(11) NOT NULL,
  `HomeTeamID` int(11) NOT NULL,
  `AwayTeamID` int(11) NOT NULL,
  `HomeTeamStatsID` int(11) DEFAULT NULL,
  `AwayTeamStatsID` int(11) DEFAULT NULL,
  `Status` enum('Fixture','Result','InPlay','Updating') CHARACTER SET utf8 DEFAULT 'Updating',
  `DateTime` datetime NOT NULL,
  `FSMatchID` varchar(45) CHARACTER SET utf8 NOT NULL,
  `Postponed` tinyint(4) NOT NULL,
  `LastUpdated` datetime NOT NULL,
  PRIMARY KEY (`MatchID`),
  KEY `FK_AwayTeamID_idx` (`AwayTeamID`),
  KEY `FK_AwayTeamStatsID_idx` (`AwayTeamStatsID`),
  KEY `FK_HomeTeamID_idx` (`HomeTeamID`),
  KEY `FK_HomeTeamStatsID_idx` (`HomeTeamStatsID`),
  KEY `F_SeasonID_idx` (`SeasonID`),
  CONSTRAINT `FK_AwayTeamID` FOREIGN KEY (`AwayTeamID`) REFERENCES `Team` (`TeamID`),
  CONSTRAINT `FK_AwayTeamStatsID` FOREIGN KEY (`AwayTeamStatsID`) REFERENCES `MatchStats` (`StatID`),
  CONSTRAINT `FK_HomeTeamID` FOREIGN KEY (`HomeTeamID`) REFERENCES `Team` (`TeamID`),
  CONSTRAINT `FK_HomeTeamStatsID` FOREIGN KEY (`HomeTeamStatsID`) REFERENCES `MatchStats` (`StatID`),
  CONSTRAINT `F_SeasonID` FOREIGN KEY (`SeasonID`) REFERENCES `Season` (`SeasonID`)
) ENGINE=InnoDB DEFAULT CHARSET=latin1;

CREATE TABLE `UnknownTeams` (
  `ID` int(11) NOT NULL AUTO_INCREMENT,
  `SeasonID` int(11) NOT NULL,
  `Request` text DEFAULT NULL,
  `TeamsResponce` text DEFAULT NULL,
  PRIMARY KEY (`ID`),
  KEY `FK_UnknownTeams_Season_idx` (`SeasonID`),
  CONSTRAINT `FK_UnknownTeams_Season` FOREIGN KEY (`SeasonID`) REFERENCES `Season` (`SeasonID`) ON DELETE NO ACTION ON UPDATE NO ACTION
) ENGINE=InnoDB DEFAULT CHARSET=latin1;

CREATE TABLE `AverageStat` (
  `AverageStatID` int(11) NOT NULL AUTO_INCREMENT,
  `TeamID` int(11) NOT NULL,
  `SeasonID` int(11) NOT NULL,
  `GamesPlayed` int(2) NOT NULL,
  `Type` enum('Home','Away','Overall') CHARACTER SET utf8 NOT NULL,
  `FirstHalfGoal` double NOT NULL,
  `SecondHalfGoal` double NOT NULL,
  `TotalGoal` double NOT NULL,
  `FirstHalfCard` double NOT NULL,
  `SecondHalfCard` double NOT NULL,
  `TotalCard` double NOT NULL,
  `PointPercentage` double NOT NULL,
  PRIMARY KEY (`AverageStatID`),
  KEY `FK_Average_Season_idx` (`SeasonID`),
  KEY `FK_Average_Team_idx` (`TeamID`),
  CONSTRAINT `FK_Average_Season` FOREIGN KEY (`SeasonID`) REFERENCES `Season` (`SeasonID`),
  CONSTRAINT `FK_Average_Team` FOREIGN KEY (`TeamID`) REFERENCES `Team` (`TeamID`)
) ENGINE=InnoDB DEFAULT CHARSET=latin1;

CREATE TABLE `Log` (
  `LogId` int(11) NOT NULL AUTO_INCREMENT,
  `ServiceName` varchar(255) NOT NULL,
  `Message` longtext NOT NULL,
  `Host` varchar(255) NOT NULL,
  PRIMARY KEY (`LogId`)
) ENGINE=InnoDB DEFAULT CHARSET=latin1;

CREATE TABLE `Error` (
  `ErrorId` int(11) NOT NULL AUTO_INCREMENT,
  `ContentType` varchar(255) NOT NULL,
  `Request` longtext NOT NULL,
  `Message` longtext DEFAULT NULL,
  PRIMARY KEY (`ErrorId`)
) ENGINE=InnoDB DEFAULT CHARSET=utf8;

CREATE 
    ALGORITHM = UNDEFINED 
    DEFINER = `root`@`%` 
    SQL SECURITY DEFINER
VIEW `Fixtures` AS
    SELECT `Matches`.`MatchID` AS `MatchID`
        ,`Matches`.`SeasonID` AS `SeasonID`
        ,(SELECT  `Alias`
            FROM `TeamAlias`
            WHERE `TeamID` = `Matches`.`HomeTeamID`
            ORDER BY IsDefault DESC
            LIMIT 0 , 1) AS `HomeTeam`
        ,`Matches`.`HomeTeamID` AS `HomeTeamID`
        ,(SELECT `Alias`
            FROM `TeamAlias`
            WHERE `TeamID` = `Matches`.`AwayTeamID`
            ORDER BY IsDefault DESC
            LIMIT 0 , 1) AS `AwayTeam`
        ,`Matches`.`AwayTeamID` AS `AwayTeamID`
        ,`Matches`.`HomeTeamStatsID` AS `HomeTeamStatsID`
        ,`Matches`.`AwayTeamStatsID` AS `AwayTeamStatsID`
        ,`Matches`.`DateTime` AS `DateTime`
        ,`Matches`.`Status` AS `Status`
    FROM `Match` `Matches`;

CREATE 
    ALGORITHM = UNDEFINED 
    DEFINER = `root`@`%` 
    SQL SECURITY DEFINER
VIEW `LeagueTeams` AS
    SELECT DISTINCT
        `Matches`.`HomeTeamID` AS `TeamID`,
        `Matches`.`SeasonID` AS `SeasonID`,
        `Team`.`Name` AS `Name`,
        `Team`.`LogoURL` AS `LogoURL`
    FROM
        (`Match` `Matches`
        JOIN `Team` ON (`Team`.`TeamID` = `Matches`.`HomeTeamID`)) 
    UNION SELECT DISTINCT
        `Matches`.`AwayTeamID` AS `TeamID`,
        `Matches`.`SeasonID` AS `SeasonID`,
        `Team`.`Name` AS `Name`,
        `Team`.`LogoURL` AS `LogoURL`
    FROM
        (`Match` `Matches`
        JOIN `Team` ON (`Team`.`TeamID` = `Matches`.`AwayTeamID`));
                
INSERT INTO `Country`
VALUES 
(1,'England'),
(2,'Italy'),
(3,'Scotland'),
(4,'Australlia'),
(5,'Spain'),
(6,'Germany'),
(7,'Netherlands'),
(8,'France'),
(9,'Greece'),
(10,'Turkey');

INSERT INTO `Competition` 
VALUES 
(1,1,'england/premier-league',NULL, NULL,31,28,'2020-08-01 00:00:00','2021-05-31 00:00:00'),
(2,3,'england/championship',NULL, NULL,7129730,29,'2020-08-01 00:00:00','2021-05-31 00:00:00'),
(3,3,'scotland/premiership',NULL, NULL,105,80,'2020-08-01 00:00:00','2021-05-31 00:00:00'),
(4,3,'scotland/championship',NULL, NULL,107,81,'2020-08-01 00:00:00','2021-05-31 00:00:00'),
(5,2,'italy/serie-a',NULL, NULL,81,51,'2020-08-01 00:00:00','2021-05-31 00:00:00'),
(6,6,'spain/laliga',NULL, NULL,117,89,'2020-08-01 00:00:00','2021-05-31 00:00:00'),
(7,6,'spain/laliga2',NULL, NULL,119,90,'2020-08-01 00:00:00','2021-05-31 00:00:00'),
(8,7,'germany/bundesliga',NULL, NULL,59,39,'2020-08-01 00:00:00','2021-05-31 00:00:00'),
(9,7,'germany/2-bundesliga',NULL, NULL,61,40,'2020-08-01 00:00:00','2021-05-31 00:00:00'),
(10,8,'netherlands/eredivisie',NULL, NULL,89979,67,'2020-08-01 00:00:00','2021-05-31 00:00:00'),
(11,8,'netherlands/eerste-divisie',NULL, NULL,89979,67,'2020-08-01 00:00:00','2021-05-31 00:00:00'),
(12,9,'france/ligue-1',NULL, NULL,55,36,'2020-08-01 00:00:00','2021-05-31 00:00:00'),
(13,10,'greece/super-league',NULL, NULL,NULL,45,'2020-08-01 00:00:00','2021-05-31 00:00:00'),
(14,11,'turkey/super-lig',NULL, NULL,NULL,95,'2020-08-01 00:00:00','2021-05-31 00:00:00'),
(15,4,'australia/a-league',NULL, NULL,NULL, 5,'2020-10-01 00:00:00','2021-08-31 00:00:00');

INSERT INTO `CompetitionAlias` 
VALUES
(1,1,'Premier League','FLASHSCORE|WIKI',1),
(2,1,'Barclays Premier League','BETFAIR',0),
(3,2,'Football League Championship','WIKI',0),
(4,2,'The Championship','BETFAIR',1),
(5,2,'Championship','FLASHSCORE',0),
(6,3,'Premiership','WIKI|FLASHSCORE',0),
(7,3,'Scottish Premier','BETFAIR',1),
(8,4,'Championship','WIKI|FLASHSCORE',0),
(9,4,'Scottish Championship','BETFAIR',1),
(10,5,'Serie A','BETFAIR|WIKI|FLASHSCORE',1),
(11,6,'La Liga','WIKI',1),
(12,6,'LaLiga','FLASHSCORE',0),
(13,6,'Primera Division','BETFAIR',0),
(14,7,'La Liga 2','WIKI',1),
(15,7,'LaLiga2','FLASHSCORE',0),
(16,7,'Segunda Division','BETFAIR',0),
(17,8,'Bundesliga','WIKI|FLASHSCORE',1),
(18,8,'Bundesliga 1','BETFAIR',0),
(19,9,'2. Bundesliga','WIKI|FLASHSCORE',0),
(20,9,'Bundesliga 2','BETFAIR',1),
(21,10,'Eredivisie','BETFAIR|WIKI|FLASHSCORE"',1),
(22,11,'Eerste Divisie','WIKI|FLASHSCORE',0),
(23,11,'Belgian Jupiler League','BETFAIR',1),
(24,12,'Ligue 1','WIKI|FLASHSCORE',1),
(25,12,'Ligue 1 Orange','BETFAIR',0),
(26,13,'Super League 1','WIKI',0),
(27,13,'Super League','FLASHSCORE',1),
(28,14,'Süper Lig','WIKI',1),
(29,14,'Super Lig','FLASHSCORE',0),
(30,15,'A-League','WIKI|FLASHSCORE',1);

INSERT INTO `Team` 
VALUES 
(1,'/res/image/data/YcBCxO76-EJoO9TRD.png',3),
(10,'/res/image/data/MFFXzn6k-fguToQZ6.png',3),
(100,'/res/image/data/tjlAHwhT-fguToQZ6.png',7),
(101,'/res/image/data/fgQWGn86-fguToQZ6.png',7),
(102,'/res/image/data/pIavfLS0-fguToQZ6.png',7),
(103,'/res/image/data/Qgbz4piC-fguToQZ6.png',7),
(104,'/res/image/data/2aegVtQq-fguToQZ6.png',7),
(105,'/res/image/data/IyZBMF7k-fguToQZ6.png',7),
(106,'/res/image/data/j1FIuRAN-fguToQZ6.png',7),
(107,'/res/image/data/0pdxCFiT-fguToQZ6.png',7),
(108,'/res/image/data/tbR3gUTH-8dqXppkD.png',7),
(109,'/res/image/data/tbqzXYS0-8dqXppkD.png',7),
(11,'/res/image/data/8fGAWKUH-fguToQZ6.png',3),
(110,'/res/image/data/KMphsCCN-fguToQZ6.png',7),
(111,'/res/image/data/xSfDCO76-fguToQZ6.png',7),
(112,'/res/image/data/lWGBVoA6-EJoO9TRD.png',7),
(113,'/res/image/data/pQzKuF5k-8dqXppkD.png',10),
(114,'/res/image/data/8KXKMJBN-fguToQZ6.png',10),
(115,'/res/image/data/WfbIXijT-fguToQZ6.png',10),
(116,'/res/image/data/82UQbWiT-8dqXppkD.png',10),
(117,'/res/image/data/S0UAmH96-8dqXppkD.png',10),
(118,'/res/image/data/tz9vZU7k-fguToQZ6.png',10),
(119,'/res/image/data/SGDYbBPq-fguToQZ6.png',10),
(12,'/res/image/data/EFJ0s36k-fguToQZ6.png',3),
(120,'/res/image/data/46w0mn86-fguToQZ6.png',10),
(121,'/res/image/data/lOCLY2A6-fguToQZ6.png',10),
(122,'/res/image/data/lxxL3zhT-fguToQZ6.png',10),
(123,'/res/image/data/IVjOpykC-fguToQZ6.png',11),
(124,'/res/image/data/bkuX6RS0-8dqXppkD.png',11),
(125,'/res/image/data/U3fC5I96-fguToQZ6.png',11),
(126,'/res/image/data/jRnua6kC-fguToQZ6.png',11),
(127,'/res/image/data/t6Kb5X76-fguToQZ6.png',11),
(128,'/res/image/data/QLlblOme-fguToQZ6.png',11),
(129,'/res/image/data/Q1bPiPTH-fguToQZ6.png',11),
(13,'/res/image/data/08qns8VH-fguToQZ6.png',2),
(130,'/res/image/data/bJCGymle-fguToQZ6.png',11),
(131,'/res/image/data/SCdF7fjT-fguToQZ6.png',11),
(132,'/res/image/data/IN9Ib7jT-fguToQZ6.png',11),
(133,'/res/image/data/QVabyUVH-EJoO9TRD.png',11),
(134,'/res/image/data/lWu2w4ne-fguToQZ6.png',11),
(135,'/res/image/data/vTVURLne-EJoO9TRD.png',11),
(136,'/res/image/data/xtTjGRT0-EJoO9TRD.png',11),
(137,'/res/image/data/MF4bIRPq-fguToQZ6.png',11),
(138,'/res/image/data/Wf6QQjVH-EJoO9TRD.png',11),
(139,'/res/image/data/0r9EzUS0-fguToQZ6.png',11),
(14,'/res/image/data/dhGobOA6-fguToQZ6.png',2),
(140,'/res/image/data/2XOhzSQq-fguToQZ6.png',11),
(141,'/res/image/data/Q34pXImC-fguToQZ6.png',11),
(142,'/res/image/data/fJgGn26k-fguToQZ6.png',11),
(143,'/res/image/data/OChMLD8k-fguToQZ6.png',8),
(144,'/res/image/data/6ufhxjSq-fguToQZ6.png',8),
(145,'/res/image/data/IRiimykC-fguToQZ6.png',8),
(146,'/res/image/data/UVBjsASq-8dqXppkD.png',8),
(147,'/res/image/data/8K98UZoe-fguToQZ6.png',8),
(148,'/res/image/data/praOhakC-fguToQZ6.png',8),
(149,'/res/image/data/xIYs6I86-fguToQZ6.png',8),
(15,'/res/image/data/WI9nVggT-fguToQZ6.png',2),
(150,'/res/image/data/4dR7FIjT-fguToQZ6.png',8),
(151,'/res/image/data/rahX5g7k-fguToQZ6.png',8),
(152,'/res/image/data/YiDhmqT0-fguToQZ6.png',8),
(153,'/res/image/data/b9LkrIA6-fguToQZ6.png',8),
(154,'/res/image/data/UH4XQKBN-fguToQZ6.png',8),
(155,'/res/image/data/f5PjCkPq-fguToQZ6.png',8),
(156,'/res/image/data/QHdIUX96-fguToQZ6.png',8),
(157,'/res/image/data/UoCAVqlC-fguToQZ6.png',8),
(158,'/res/image/data/bZS1GF96-fguToQZ6.png',8),
(159,'/res/image/data/rZIqA2UH-fguToQZ6.png',8),
(16,'/res/image/data/277EtfPq-fguToQZ6.png',2),
(160,'/res/image/data/dWB5gKjC-fguToQZ6.png',8),
(161,'/res/image/data/jLzHsbCN-fguToQZ6.png',9),
(162,'/res/image/data/M52434oe-fguToQZ6.png',9),
(163,'/res/image/data/0fqlZvA6-fguToQZ6.png',9),
(164,'/res/image/data/C8FCtESq-fguToQZ6.png',9),
(165,'/res/image/data/8tDUPO86-fguToQZ6.png',9),
(166,'/res/image/data/EgWqv16k-fguToQZ6.png',9),
(167,'/res/image/data/IR9Bw0U0-fguToQZ6.png',9),
(168,'/res/image/data/d46y71iT-fguToQZ6.png',9),
(169,'/res/image/data/4IPDw4ne-fguToQZ6.png',9),
(17,'/res/image/data/WM9ZwPmC-fguToQZ6.png',2),
(170,'/res/image/data/tQDXpalC-fguToQZ6.png',9),
(171,'/res/image/data/z5aqbrkC-fguToQZ6.png',9),
(172,'/res/image/data/GdYaozAN-fguToQZ6.png',9),
(173,'/res/image/data/h2GwEZBN-EJoO9TRD.png',9),
(174,'/res/image/data/8OJtIWWH-fguToQZ6.png',9),
(175,'/res/image/data/MFaB7gAN-fguToQZ6.png',9),
(176,'/res/image/data/SrHE50T0-fguToQZ6.png',9),
(177,'/res/image/data/MZOyCbkC-fguToQZ6.png',9),
(178,'/res/image/data/jcZuB9Qq-fguToQZ6.png',9),
(179,'/res/image/data/p0WsghT0-fguToQZ6.png',9),
(18,'/res/image/data/Gh7VdOQq-fguToQZ6.png',2),
(180,'/res/image/data/xGubPZ7k-8dqXppkD.png',9),
(19,'/res/image/data/WOOHTbSq-EJoO9TRD.png',2),
(2,'/res/image/data/boc068VH-fguToQZ6.png',3),
(20,'/res/image/data/QckzxM7k-fguToQZ6.png',2),
(21,'/res/image/data/j31Z1pne-EJoO9TRD.png',2),
(22,'/res/image/data/xxLGMOlC-EJoO9TRD.png',2),
(23,'/res/image/data/jD18S6AN-fguToQZ6.png',2),
(24,'/res/image/data/tSuMfRjT-fguToQZ6.png',2),
(25,'/res/image/data/z3aHqFBN-fguToQZ6.png',2),
(26,'/res/image/data/4CLpo27k-fguToQZ6.png',2),
(27,'/res/image/data/YDLnjflC-EJoO9TRD.png',2),
(28,'/res/image/data/WQp3CvUH-EJoO9TRD.png',2),
(29,'/res/image/data/tSQII3hT-fguToQZ6.png',2),
(3,'/res/image/data/jZtMK2me-fguToQZ6.png',3),
(30,'/res/image/data/6ovaa9T0-fguToQZ6.png',2),
(31,'/res/image/data/Szt5ATne-fguToQZ6.png',2),
(32,'/res/image/data/06kkEqQq-fguToQZ6.png',2),
(33,'/res/image/data/QsGXnZjC-fguToQZ6.png',1),
(34,'/res/image/data/x82JgBjC-fguToQZ6.png',1),
(35,'/res/image/data/lMxEQ8me-fguToQZ6.png',1),
(36,'/res/image/data/CvL5rhhT-fguToQZ6.png',1),
(37,'/res/image/data/2VvVDtSq-fguToQZ6.png',1),
(38,'/res/image/data/EBfZuwme-fguToQZ6.png',1),
(39,'/res/image/data/UHchCEVH-8dqXppkD.png',1),
(4,'/res/image/data/dpI0AACN-fguToQZ6.png',3),
(40,'/res/image/data/YeSfKGlC-EJoO9TRD.png',1),
(41,'/res/image/data/OMUzjDkC-fguToQZ6.png',1),
(42,'/res/image/data/GhGV3qjT-fguToQZ6.png',1),
(43,'/res/image/data/GfkvlLmC-fguToQZ6.png',1),
(44,'/res/image/data/0n1ffK6k-fguToQZ6.png',1),
(45,'/res/image/data/0vgscFU0-fguToQZ6.png',1),
(46,'/res/image/data/lvs4WW5k-EJoO9TRD.png',1),
(47,'/res/image/data/UXo7VXPq-fguToQZ6.png',1),
(48,'/res/image/data/G0q9xjRq-fguToQZ6.png',1),
(49,'/res/image/data/MLYdfXhT-EJoO9TRD.png',1),
(5,'/res/image/data/hMCnMxle-fguToQZ6.png',3),
(50,'/res/image/data/fkbYUWme-fguToQZ6.png',1),
(51,'/res/image/data/v3SzDxVH-8dqXppkD.png',1),
(52,'/res/image/data/8nXNvlA6-fguToQZ6.png',1),
(53,'/res/image/data/INW8oRBN-8dqXppkD.png',5),
(54,'/res/image/data/EBxZSOjT-fguToQZ6.png',5),
(55,'/res/image/data/CGPhnpne-fguToQZ6.png',5),
(56,'/res/image/data/rPA6TR86-fguToQZ6.png',5),
(57,'/res/image/data/A7J8wihT-fguToQZ6.png',5),
(58,'/res/image/data/EcTGi086-fguToQZ6.png',5),
(59,'/res/image/data/Y1fm0wSq-fguToQZ6.png',5),
(6,'/res/image/data/6HG2JU96-8dqXppkD.png',3),
(60,'/res/image/data/K6UJTt7k-fguToQZ6.png',5),
(61,'/res/image/data/EVxB82BN-fguToQZ6.png',5),
(62,'/res/image/data/hGMWMdT0-fguToQZ6.png',5),
(63,'/res/image/data/YV7lpDU0-fguToQZ6.png',5),
(64,'/res/image/data/jZ8dSYS0-fguToQZ6.png',5),
(65,'/res/image/data/UTfY3r86-fguToQZ6.png',5),
(66,'/res/image/data/4rBxR4R0-EJoO9TRD.png',5),
(67,'/res/image/data/drsSo7UH-fguToQZ6.png',5),
(68,'/res/image/data/j7GeYc5k-8dqXppkD.png',5),
(69,'/res/image/data/0dmWDDBN-fguToQZ6.png',5),
(7,'/res/image/data/OGujLilC-fguToQZ6.png',3),
(70,'/res/image/data/pMpCvJkC-fguToQZ6.png',5),
(71,'/res/image/data/Kv2QSkhT-fguToQZ6.png',5),
(72,'/res/image/data/UFihcnne-fguToQZ6.png',5),
(73,'/res/image/data/vo9MFPBN-EJoO9TRD.png',6),
(74,'/res/image/data/WYdjwekC-fguToQZ6.png',6),
(75,'/res/image/data/QeCoIpXH-fguToQZ6.png',6),
(76,'/res/image/data/ziVpaDjC-fguToQZ6.png',6),
(77,'/res/image/data/4WWco1Pq-fguToQZ6.png',6),
(78,'/res/image/data/QyKcNfhT-fguToQZ6.png',6),
(79,'/res/image/data/Oz2kKigT-fguToQZ6.png',6),
(8,'/res/image/data/nLYJxcCN-fguToQZ6.png',3),
(80,'/res/image/data/ngL92xT0-fguToQZ6.png',6),
(81,'/res/image/data/fwaVQxXH-fguToQZ6.png',6),
(82,'/res/image/data/tbiVSrQq-fguToQZ6.png',6),
(83,'/res/image/data/UgvyFiA6-fguToQZ6.png',6),
(84,'/res/image/data/EiVexxU0-fguToQZ6.png',6),
(85,'/res/image/data/OAfeVdVH-fguToQZ6.png',6),
(86,'/res/image/data/8CuFFxlC-8dqXppkD.png',6),
(87,'/res/image/data/n3rngiU0-fguToQZ6.png',6),
(88,'/res/image/data/nRnUDVWH-fguToQZ6.png',6),
(89,'/res/image/data/S8MpS386-fguToQZ6.png',6),
(9,'/res/image/data/d2gqjfne-fguToQZ6.png',3),
(90,'/res/image/data/AowBBF6k-fguToQZ6.png',6),
(91,'/res/image/data/lbJNzlgT-fguToQZ6.png',6),
(92,'/res/image/data/xr7nb0ne-fguToQZ6.png',6),
(93,'/res/image/data/WKsw8cne-fguToQZ6.png',6),
(94,'/res/image/data/pz4hTPoe-fguToQZ6.png',6),
(95,'/res/image/data/jy0u6bgT-fguToQZ6.png',7),
(96,'/res/image/data/dWZYQIPq-fguToQZ6.png',7),
(97,'/res/image/data/QR4sfWUH-EJoO9TRD.png',7),
(98,'/res/image/data/0OMJUule-fguToQZ6.png',7),
(99,'/res/image/data/2cDrWAS0-8dqXppkD.png',7);

INSERT INTO `TeamAlias` 
VALUES 
(1,1,'Rangers','FS_FULL|FS_SHORT',1),
(2,2,'Celtic','FS_FULL|FS_SHORT',1),
(3,3,'Aberdeen','FS_FULL|FS_SHORT',1),
(4,4,'Hibernian','FS_FULL|FS_SHORT',1),
(5,5,'Dundee Utd','FS_FULL|FS_SHORT',1),
(6,6,'Kilmarnock','FS_FULL|FS_SHORT',1),
(7,7,'St Johnstone','FS_FULL',0),
(8,7,'St. Johnstone','FS_SHORT',1),
(9,8,'Motherwell','FS_FULL|FS_SHORT',1),
(10,9,'Ross County','FS_FULL|FS_SHORT',1),
(11,10,'Livingston','FS_FULL|FS_SHORT',1),
(12,11,'St. Mirren','FS_FULL|FS_SHORT',1),
(13,12,'Hamilton','FS_FULL|FS_SHORT',1),
(14,13,'Spezia','FS_FULL|FS_SHORT',1),
(15,14,'Torino','FS_FULL|FS_SHORT',1),
(16,15,'Parma','FS_FULL|FS_SHORT',1),
(17,16,'Udinese','FS_FULL|FS_SHORT',1),
(18,17,'Fiorentina','FS_FULL|FS_SHORT',1),
(19,18,'Benevento','FS_FULL|FS_SHORT',1),
(20,19,'AC Milan','FS_FULL|FS_SHORT',1),
(21,20,'Sassuolo','FS_FULL|FS_SHORT',1),
(22,21,'AS Roma','FS_FULL|FS_SHORT',1),
(23,22,'Juventus','FS_FULL|FS_SHORT',1),
(24,23,'Inter','FS_FULL|FS_SHORT',1),
(25,24,'Napoli','FS_FULL|FS_SHORT',1),
(26,25,'Atalanta','FS_FULL|FS_SHORT',1),
(27,26,'Lazio','FS_FULL|FS_SHORT',1),
(28,27,'Verona','FS_FULL|FS_SHORT',1),
(29,28,'Sampdoria','FS_FULL|FS_SHORT',1),
(30,29,'Cagliari','FS_FULL|FS_SHORT',1),
(31,30,'Bologna','FS_FULL|FS_SHORT',1),
(32,31,'Genoa','FS_FULL|FS_SHORT',1),
(33,32,'Crotone','FS_FULL|FS_SHORT',1),
(34,33,'West Brom','FS_FULL|FS_SHORT',1),
(35,51,'Tottenham','FS_FULL|FS_SHORT',1),
(36,34,'Liverpool','FS_FULL|FS_SHORT',1),
(37,35,'Chelsea','FS_FULL|FS_SHORT',1),
(38,36,'Leicester','FS_FULL|FS_SHORT',1),
(39,37,'Southampton','FS_FULL|FS_SHORT',1),
(40,38,'Everton','FS_FULL|FS_SHORT',1),
(41,39,'Aston Villa','FS_FULL|FS_SHORT',1),
(42,40,'West Ham','FS_FULL|FS_SHORT',1),
(43,41,'Wolves','FS_FULL|FS_SHORT',1),
(44,52,'Sheffield Utd','FS_FULL',0),
(45,42,'Manchester Utd','FS_FULL',0),
(46,43,'Crystal Palace','FS_FULL|FS_SHORT',1),
(47,44,'Arsenal','FS_FULL|FS_SHORT',1),
(48,45,'Manchester City','FS_FULL',0),
(49,45,'Man City','FS_SHORT',1),
(50,46,'Leeds','FS_FULL|FS_SHORT',1),
(51,47,'Newcastle','FS_FULL|FS_SHORT',1),
(52,48,'Brighton','FS_FULL|FS_SHORT',1),
(53,49,'Burnley','FS_FULL|FS_SHORT',1),
(54,50,'Fulham','FS_FULL|FS_SHORT',1),
(55,42,'Man Utd','FS_SHORT',1),
(56,52,'Sheff Utd','FS_SHORT',1),
(57,53,'Celta Vigo','FS_FULL|FS_SHORT',1),
(58,54,'Villarreal','FS_FULL|FS_SHORT',1),
(59,55,'Real Madrid','FS_FULL|FS_SHORT',1),
(60,56,'Cadiz CF','FS_FULL',0),
(61,56,'Cadiz','FS_SHORT',1),
(62,57,'Granada CF','FS_FULL',0),
(63,57,'Granada','FS_SHORT',1),
(64,58,'Sevilla','FS_FULL|FS_SHORT',1),
(65,59,'Ath Bilbao','FS_FULL',0),
(66,59,'Ath. Bilbao','FS_SHORT',1),
(67,71,'Atl. Madrid','FS_FULL|FS_SHORT',1),
(68,60,'Valencia','FS_FULL|FS_SHORT',1),
(69,62,'Getafe','FS_FULL|FS_SHORT',1),
(70,63,'Betis','FS_FULL|FS_SHORT',1),
(71,64,'Barcelona','FS_FULL|FS_SHORT',1),
(72,65,'Osasuna','FS_FULL|FS_SHORT',1),
(73,66,'Alaves','FS_FULL|FS_SHORT',1),
(74,67,'Eibar','FS_FULL|FS_SHORT',1),
(75,68,'Valladolid','FS_FULL|FS_SHORT',1),
(76,69,'Levante','FS_FULL|FS_SHORT',1),
(77,70,'Huesca','FS_FULL|FS_SHORT',1),
(78,61,'Elche','FS_FULL|FS_SHORT',1),
(79,72,'Real Sociedad','FS_FULL|FS_SHORT',1),
(80,73,'Sabadell','FS_FULL|FS_SHORT',1),
(81,74,'Leganes','FS_FULL|FS_SHORT',1),
(82,75,'Espanyol','FS_FULL|FS_SHORT',1),
(83,76,'Gijon','FS_FULL|FS_SHORT',1),
(84,77,'Almeria','FS_FULL|FS_SHORT',1),
(85,78,'Rayo Vallecano','FS_FULL',0),
(86,78,'Vallecano','FS_SHORT',1),
(87,79,'Logrones','FS_FULL|FS_SHORT',1),
(88,80,'Mirandes','FS_FULL|FS_SHORT',1),
(89,81,'Malaga','FS_FULL|FS_SHORT',1),
(90,93,'Mallorca','FS_FULL|FS_SHORT',1),
(91,82,'Fuenlabrada','FS_FULL|FS_SHORT',1),
(92,84,'Ponferradina','FS_FULL|FS_SHORT',1),
(93,85,'Girona','FS_FULL|FS_SHORT',1),
(94,86,'R. Oviedo','FS_FULL|FS_SHORT',1),
(95,87,'Las Palmas','FS_FULL|FS_SHORT',1),
(96,88,'Cartagena','FS_FULL|FS_SHORT',1),
(97,89,'Tenerife','FS_FULL|FS_SHORT',1),
(98,90,'Castellon','FS_FULL|FS_SHORT',1),
(99,91,'Alcorcon','FS_FULL|FS_SHORT',1),
(100,92,'Zaragoza','FS_FULL|FS_SHORT',1),
(101,83,'Lugo','FS_FULL|FS_SHORT',1),
(102,94,'Albacete','FS_FULL|FS_SHORT',1),
(103,95,'Schalke','FS_FULL|FS_SHORT',1),
(104,111,'Dortmund','FS_FULL|FS_SHORT',1),
(105,96,'Bayer Leverkusen','FS_FULL',0),
(106,96,'Leverkusen','FS_SHORT',1),
(107,97,'RB Leipzig','FS_FULL|FS_SHORT',1),
(108,98,'Union Berlin','FS_FULL|FS_SHORT',1),
(109,99,'Wolfsburg','FS_FULL|FS_SHORT',1),
(110,100,'B. Monchengladbach','FS_FULL',0),
(111,100,'Monchengladbach','FS_SHORT',1),
(112,101,'Stuttgart','FS_FULL|FS_SHORT',1),
(113,102,'Werder Bremen','FS_FULL',0),
(114,112,'Bayern','FS_SHORT',1),
(115,102,'Bremen','FS_SHORT',1),
(116,104,'Eintracht Frankfurt','FS_FULL',0),
(117,104,'Frankfurt','FS_SHORT',1),
(118,105,'Hoffenheim','FS_FULL|FS_SHORT',1),
(119,106,'Hertha Berlin','FS_FULL',0),
(120,106,'Hertha','FS_SHORT',1),
(121,107,'Freiburg','FS_FULL|FS_SHORT',1),
(122,108,'Mainz','FS_FULL|FS_SHORT',1),
(123,109,'Arminia Bielefeld','FS_FULL',0),
(124,109,'Bielefeld','FS_SHORT',1),
(125,110,'FC Koln','FS_FULL|FS_SHORT',1),
(126,103,'Augsburg','FS_FULL|FS_SHORT',1),
(127,112,'Bayern Munich','FS_FULL',0),
(128,113,'Alloa','FS_FULL|FS_SHORT',1),
(129,114,'Arbroath','FS_FULL|FS_SHORT',1),
(130,115,'Queen of South','FS_FULL|FS_SHORT',1),
(131,116,'Dundee FC','FS_FULL|FS_SHORT',1),
(132,117,'Morton','FS_FULL|FS_SHORT',1),
(133,118,'Inverness','FS_FULL|FS_SHORT',1),
(134,119,'Ayr','FS_FULL|FS_SHORT',1),
(135,120,'Raith','FS_FULL|FS_SHORT',1),
(136,121,'Hearts','FS_FULL|FS_SHORT',1),
(137,122,'Dunfermline','FS_FULL|FS_SHORT',1),
(138,123,'Dijon','FS_FULL|FS_SHORT',1),
(139,141,'Lille','FS_FULL|FS_SHORT',1),
(140,124,'Lyon','FS_FULL|FS_SHORT',1),
(141,125,'Montpellier','FS_FULL|FS_SHORT',1),
(142,126,'Monaco','FS_FULL|FS_SHORT',1),
(143,127,'Marseille','FS_FULL|FS_SHORT',1),
(144,128,'Rennes','FS_FULL|FS_SHORT',1),
(145,129,'Lens','FS_FULL|FS_SHORT',1),
(146,130,'Nice','FS_FULL|FS_SHORT',1),
(147,131,'Metz','FS_FULL|FS_SHORT',1),
(148,132,'Angers','FS_FULL|FS_SHORT',1),
(149,133,'Bordeaux','FS_FULL|FS_SHORT',1),
(150,134,'Brest','FS_FULL|FS_SHORT',1),
(151,135,'Nantes','FS_FULL|FS_SHORT',1),
(152,136,'Nimes','FS_FULL|FS_SHORT',1),
(153,137,'St Etienne','FS_FULL',0),
(154,137,'St. Etienne','FS_SHORT',1),
(155,138,'Reims','FS_FULL|FS_SHORT',1),
(156,139,'Lorient','FS_FULL|FS_SHORT',1),
(157,140,'Strasbourg','FS_FULL|FS_SHORT',1),
(158,142,'PSG','FS_SHORT',1),
(159,142,'Paris SG','FS_FULL',0),
(160,143,'Wurzburger Kickers','FS_FULL|FS_SHORT',1),
(161,159,'Furth','FS_SHORT',1),
(162,144,'Paderborn','FS_FULL|FS_SHORT',1),
(163,145,'Bochum','FS_FULL|FS_SHORT',1),
(164,146,'VfL Osnabruck','FS_FULL',0),
(165,146,'Osnabruck','FS_SHORT',1),
(166,147,'Holstein Kiel','FS_FULL',0),
(167,147,'Kiel','FS_SHORT',1),
(168,148,'Aue','FS_FULL|FS_SHORT',1),
(169,159,'Greuther Furth','FS_FULL',0),
(170,149,'Darmstadt','FS_FULL|FS_SHORT',1),
(171,151,'Karlsruher','FS_FULL|FS_SHORT',1),
(172,152,'Nurnberg','FS_FULL|FS_SHORT',1),
(173,153,'Hannover','FS_FULL|FS_SHORT',1),
(174,154,'Heidenheim','FS_FULL|FS_SHORT',1),
(175,155,'Regensburg','FS_FULL|FS_SHORT',1),
(176,156,'St. Pauli','FS_FULL|FS_SHORT',1),
(177,157,'Sandhausen','FS_FULL|FS_SHORT',1),
(178,158,'Braunschweig','FS_FULL|FS_SHORT',1),
(179,150,'Dusseldorf','FS_FULL|FS_SHORT',1),
(180,160,'Hamburger SV','FS_FULL|FS_SHORT',1),
(181,161,'Dordrecht','FS_FULL|FS_SHORT',1),
(182,179,'Cambuur','FS_FULL|FS_SHORT',1),
(183,162,'Graafschap','FS_FULL|FS_SHORT',1),
(184,163,'Breda','FS_FULL|FS_SHORT',1),
(185,164,'Nijmegen','FS_FULL|FS_SHORT',1),
(186,165,'FC Volendam','FS_FULL|FS_SHORT',1),
(187,166,'Excelsior','FS_FULL|FS_SHORT',1),
(188,167,'Jong Ajax','FS_FULL|FS_SHORT',1),
(189,168,'Telstar','FS_FULL|FS_SHORT',1),
(190,169,'G.A. Eagles','FS_FULL|FS_SHORT',1),
(191,180,'Almere','FS_SHORT',1),
(192,170,'Eindhoven FC','FS_FULL',0),
(193,171,'Roda','FS_FULL|FS_SHORT',1),
(194,172,'Jong Utrecht','FS_FULL|FS_SHORT',1),
(195,173,'Jong PSV','FS_FULL|FS_SHORT',1),
(196,174,'Helmond','FS_FULL|FS_SHORT',1),
(197,175,'Den Bosch','FS_FULL|FS_SHORT',1),
(198,176,'Oss','FS_FULL',0),
(199,176,'FC Oss','FS_SHORT',1),
(200,177,'Maastricht','FS_FULL|FS_SHORT',1),
(201,178,'Jong AZ','FS_FULL|FS_SHORT',1),
(202,170,'Eindhoven','FS_SHORT',1),
(203,180,'Almere City','FS_FULL',0),
(204,5,'Dundee United','WIKI',0),
(205,12,'Hamilton Academical','WIKI',0),
(207,48,'Brighton and Hove Albion','WIKI',0),
(208,46,'Leeds United','WIKI',0),
(209,36,'Leicester City','WIKI',0),
(210,42,'Manchester United','WIKI',0),
(211,47,'Newcastle United','WIKI',0),
(212,52,'Sheffield United','WIKI',0),
(213,51,'Tottenham Hotspur','WIKI',0),
(214,33,'West Bromwich Albion','WIKI',0),
(215,40,'West Ham United','WIKI',0),
(216,41,'Wolverhampton Wanderers','WIKI',0),
(217,17,'ACF Fiorentina','WIKI',0),
(218,25,'Atalanta BC','WIKI',0),
(219,18,'Benevento Calcio','WIKI',0),
(220,30,'Bologna FC','WIKI',0),
(221,32,'FC Crotone','WIKI',0),
(222,31,'Genoa CFC','WIKI',0),
(223,27,'Hellas Verona','WIKI',0),
(224,23,'Internazionale','WIKI',0),
(225,13,'Spezia Calcio','WIKI',0),
(226,26,'SS Lazio','WIKI',0),
(227,24,'SSC Napoli','WIKI',0),
(228,16,'Udinese Calcio','WIKI',0),
(229,113,'Alloa Athletic','WIKI',0),
(230,119,'Ayr United','WIKI',0),
(231,116,'Dundee','WIKI',0),
(232,122,'Dunfermline Athletic','WIKI',0),
(233,117,'Greenock Morton','WIKI',0),
(234,121,'Heart of Midlothian','WIKI',0),
(235,118,'Inverness CT','WIKI',0),
(236,115,'Queen of the South','WIKI',0),
(237,120,'Raith Rovers','WIKI',0),
(238,132,'Angers SCO','WIKI',0),
(239,126,'AS Monaco','WIKI',0),
(240,137,'AS Saint-Etienne','WIKI',0),
(241,123,'Dijon FCO','WIKI',0),
(242,139,'FC Lorient','WIKI',0),
(243,131,'FC Metz','WIKI',0),
(244,135,'FC Nantes','WIKI',0),
(245,133,'Girondins Bordeaux','WIKI',0),
(246,141,'Lille OSC','WIKI',0),
(247,125,'Montpellier HSC','WIKI',0),
(248,136,'Nîmes Olympique','WIKI',0),
(249,130,'OGC Nice','WIKI',0),
(250,124,'Olympique Lyonnais','WIKI',0),
(251,127,'Olympique Marseille','WIKI',0),
(252,142,'Paris Saint-Germain','WIKI',0),
(253,129,'RC Lens','WIKI',0),
(254,140,'RC Strasbourg Alsace','WIKI',0),
(255,134,'Stade Brestois 29','WIKI',0),
(256,138,'Stade de Reims','WIKI',0),
(257,128,'Stade Rennais','WIKI',0),
(258,59,'Athletic Club','WIKI',0),
(259,71,'Atlético Madrid','WIKI',0),
(260,65,'CA Osasuna','WIKI',0),
(261,56,'Cádiz CF','WIKI',0),
(263,66,'Deportivo Alavés','WIKI',0),
(264,61,'Elche CF','WIKI',0),
(265,62,'Getafe CF','WIKI',0),
(266,69,'Levante UD','WIKI',0),
(267,63,'Real Betis','WIKI',0),
(268,68,'Real Valladolid','WIKI',0),
(269,67,'SD Eibar','WIKI',0),
(270,70,'SD Huesca','WIKI',0),
(271,60,'Valencia CF','WIKI',0),
(272,54,'Villarreal CF','WIKI',0);
